question,output,flag,username,timestamp
Donne moi une information à propos de la gravité de newton," 

Step 1: Identify the question being asked. In this case, we are asked for information about the concept of ""gravitational force"" and its unit, which is defined by Sir Isaac Newton.

Step 2: Provide a brief definition of the gravitational force. The gravitational force is the attractive force that exists between two objects with mass. This force is described by the famous equation F = G * (m1 * m2) / r^2, where F is the force, G is the gravitational constant (6.674 × 10^-11 N(m/s)^2/kg^2), m1 and m2 are the two masses, and r is the distance between them.

Step 3: Provide information about the unit of measurement for gravitational force. The unit of measurement for gravitational force is the Newton (N). A Newton is defined as the amount of force required to give a mass of one kilogram an acceleration of one meter per second squared (1 m/s^2).

Step 4: Give additional information if necessary. In addition to defining the unit of measurement for gravitational force, Sir Isaac Newton also formulated three laws of motion which are fundamental to classical mechanics. His law of universal gravitation is a key component of these laws and describes the interaction between any two objects with mass.",,,2024-07-22 21:51:33.188855
